{"items":[
{"no":1,"que":"Which of the following memories is an optical memory?","op1":"Floppy Disk","op2":"Bubble Memories","op3":"CD ROM","op4":"Core Memories","ans":"c"},{"no":2,"que":"DNS refers to","op1":"Data Number Sequence","op2":"Digital Network Service","op3":"Domain Name System","op4":"Disk Numbering System","ans":"c"},{"no":3,"que":"Java was originally invented by","op1":"Oracle","op2":"Microsoft","op3":"Novell","op4":"Sun","ans":"d"},{"no":4,"que":"The unit of speed used for super computer is","op1":"KELOPS","op2":"GELOPS ","op3":"MELOPS","op4":"None of these","ans":"b"},{"no":5,"que":"Whose trademark is the operating system UNIX?","op1":"Motorola","op2":"Microsoft","op3":"BELL Laboratories ","op4":"AshtonTate","ans":"c"},{"no":6,"que":"The first mechanical computer designed by Charles Babbage was called","op1":"Abacus","op2":"Analytical Engine ","op3":"Calculator","op4":"Processor","ans":"b"},{"no":7,"que":"Which of the following is the most powerful type of computer?","op1":"Super�micro","op2":"Super conductor","op3":"Super computer","op4":"Megaframe","ans":"c"},{"no":8,"que":"Which gate is a single integrated circuit?","op1":"Gate","op2":"Mother Board","op3":"Chip","op4":"CPU","ans":"a"},{"no":9,"que":"Web pages are written using","op1":"FTP","op2":"HTTP","op3":"HTML","op4":"URL","ans":"c"},{"no":10,"que":"Find the odd man out.","op1":"Coaxial cable","op2":"Microwaves","op3":"Optical fibre","op4":"Twisted pair wire","ans":"b"},{"no":11,"que":"The parity bit is added for the purpose of","op1":"Coding","op2":"Error detection","op3":"Controlling","op4":" Indexing","ans":"b"},{"no":12,"que":"India�s first super computer is","op1":"Agni ","op2":"Flow solver","op3":"Param ","op4":" Trisul","ans":"c"},{"no":13,"que":"Which of the following is NOT operating system?","op1":"Dos","op2":"Unix","op3":"Window NT","op4":"Java","ans":"d"},{"no":14,"que":"The computer that is not considered as a portable computer is","op1":"Laptop computer","op2":"Mini computer ","op3":"Notebook computer","op4":"None of these","ans":"b"},{"no":15,"que":"UNIVAC is an example of","op1":"First generation computer","op2":"Second generation computer","op3":"Third generation computer","op4":"Fourth generation computer","ans":"a"},{"no":16,"que":"The first movie released in 1982 with terrific computer animation and graphics was","op1":"Star wars ","op2":"Tron","op3":"Forbidden planet","op4":"Dark star","ans":"a"},{"no":17,"que":"Which of the following is an example of non volatile memory?","op1":"VLSI","op2":"LSI","op3":"ROM","op4":"RAM","ans":"c"},{"no":18,"que":"One byte is equivalent to","op1":"4 bits","op2":"8 bits  ","op3":"12 bits","op4":"32 bits","ans":"b"}]}
